max_depth,6
num_leaves_ratio,0.6933564063564832
min_data_in_leaf,40
feature_fraction,0.4639242904506732
bagging_fraction,0.9414545070517829
lambda_l1,0.022077450311290707
lambda_l2,0.8566335211546263
